key,lang,status,message
"0195950643510",EN,ERROR,"JSON fetch failed 403"
"0195950643718",EN,ERROR,"JSON fetch failed 403"
"0195950643916",EN,ERROR,"JSON fetch failed 403"
"0195950644111",EN,ERROR,"JSON fetch failed 403"
"0195950644319",EN,ERROR,"JSON fetch failed 403"
"0195950644517",EN,ERROR,"JSON fetch failed 403"
"0195950644715",EN,ERROR,"JSON fetch failed 403"
"0195950644913",EN,ERROR,"JSON fetch failed 403"
"0195950645118",EN,ERROR,"JSON fetch failed 403"
"0195950645316",EN,ERROR,"JSON fetch failed 403"
"0195950623192",EN,ERROR,"JSON fetch failed 403"
"0195950623390",EN,ERROR,"JSON fetch failed 403"
"0195950623598",EN,ERROR,"JSON fetch failed 403"
"0195950623796",EN,ERROR,"JSON fetch failed 403"
"0195950623994",EN,ERROR,"JSON fetch failed 403"
"0195950624199",EN,ERROR,"JSON fetch failed 403"
"0195950624397",EN,ERROR,"JSON fetch failed 403"
"0195950624595",EN,ERROR,"JSON fetch failed 403"
"0195950624793",EN,ERROR,"JSON fetch failed 403"
"0195950627176",EN,ERROR,"JSON fetch failed 403"
"0195950627374",EN,ERROR,"JSON fetch failed 403"
"0195950627572",EN,ERROR,"JSON fetch failed 403"
"0195950627770",EN,ERROR,"JSON fetch failed 403"
"0195950627978",EN,ERROR,"JSON fetch failed 403"
"0195950628173",EN,ERROR,"JSON fetch failed 403"
"0195950628371",EN,ERROR,"JSON fetch failed 403"
"0195950628579",EN,ERROR,"JSON fetch failed 403"
"0195950628777",EN,ERROR,"JSON fetch failed 403"
"0195950638820",EN,ERROR,"JSON fetch failed 403"
"0195950639025",EN,ERROR,"JSON fetch failed 403"
"0195950639223",EN,ERROR,"JSON fetch failed 403"
"0195950639421",EN,ERROR,"JSON fetch failed 403"
"0195950639629",EN,ERROR,"JSON fetch failed 403"
"0195950639827",EN,ERROR,"JSON fetch failed 403"
"0195950640021",EN,ERROR,"JSON fetch failed 403"
"0195950640229",EN,ERROR,"JSON fetch failed 403"
"0195950640427",EN,ERROR,"JSON fetch failed 403"
"0195950640625",EN,ERROR,"JSON fetch failed 403"
"0195950640823",EN,ERROR,"JSON fetch failed 403"
"0195950641028",EN,ERROR,"JSON fetch failed 403"
"195950429473",EN,ERROR,"JSON fetch failed 403"
"195950429657",EN,ERROR,"JSON fetch failed 403"
"195950430011",EN,ERROR,"JSON fetch failed 403"
"195950430196",EN,ERROR,"JSON fetch failed 403"
"195950430554",EN,ERROR,"JSON fetch failed 403"
"195950430738",EN,ERROR,"JSON fetch failed 403"
"195950431094",EN,ERROR,"JSON fetch failed 403"
"195950431278",EN,ERROR,"JSON fetch failed 403"
"195950386547",EN,ERROR,"JSON fetch failed 403"
"195950386745",EN,ERROR,"JSON fetch failed 403"
"195950387148",EN,ERROR,"JSON fetch failed 403"
"195950387346",EN,ERROR,"JSON fetch failed 403"
"195950387742",EN,ERROR,"JSON fetch failed 403"
"195950387940",EN,ERROR,"JSON fetch failed 403"
"195950388343",EN,ERROR,"JSON fetch failed 403"
"195950388541",EN,ERROR,"JSON fetch failed 403"
"195950468632",EN,ERROR,"JSON fetch failed 403"
"195950468816",EN,ERROR,"JSON fetch failed 403"
"195950469172",EN,ERROR,"JSON fetch failed 403"
"195950469356",EN,ERROR,"JSON fetch failed 403"
"195950469714",EN,ERROR,"JSON fetch failed 403"
"195950469899",EN,ERROR,"JSON fetch failed 403"
"195950470253",EN,ERROR,"JSON fetch failed 403"
"195950470437",EN,ERROR,"JSON fetch failed 403"
"195950470796",EN,ERROR,"JSON fetch failed 403"
"195950470970",EN,ERROR,"JSON fetch failed 403"
"195950471151",EN,ERROR,"JSON fetch failed 403"
"195950471519",EN,ERROR,"JSON fetch failed 403"
"195950471694",EN,ERROR,"JSON fetch failed 403"
"195950471878",EN,ERROR,"JSON fetch failed 403"
"195950472233",EN,ERROR,"JSON fetch failed 403"
"195950472417",EN,ERROR,"JSON fetch failed 403"
"195950472592",EN,ERROR,"JSON fetch failed 403"
"195950475753",EN,ERROR,"JSON fetch failed 403"
"195950476118",EN,ERROR,"JSON fetch failed 403"
"195950476620",EN,ERROR,"JSON fetch failed 403"
"195950476804",EN,ERROR,"JSON fetch failed 403"
"195950477191",EN,ERROR,"JSON fetch failed 403"
"195950477375",EN,ERROR,"JSON fetch failed 403"
"195950477764",EN,ERROR,"JSON fetch failed 403"
"195950477955",EN,ERROR,"JSON fetch failed 403"
"195950478310",EN,ERROR,"JSON fetch failed 403"
"195950478495",EN,ERROR,"JSON fetch failed 403"
"195950478679",EN,ERROR,"JSON fetch failed 403"
"195950478853",EN,ERROR,"JSON fetch failed 403"
"195950479034",EN,ERROR,"JSON fetch failed 403"
"195950479218",EN,ERROR,"JSON fetch failed 403"
"195950479393",EN,ERROR,"JSON fetch failed 403"
"195950479577",EN,ERROR,"JSON fetch failed 403"
"195950479751",EN,ERROR,"JSON fetch failed 403"
"195950479935",EN,ERROR,"JSON fetch failed 403"
"195950480115",EN,ERROR,"JSON fetch failed 403"
"195950480290",EN,ERROR,"JSON fetch failed 403"
"195950466782",EN,ERROR,"JSON fetch failed 403"
"195950460254",EN,ERROR,"JSON fetch failed 403"
"195950460636",EN,ERROR,"JSON fetch failed 403"
"195950460827",EN,ERROR,"JSON fetch failed 403"
"195950461206",EN,ERROR,"JSON fetch failed 403"
"195950461398",EN,ERROR,"JSON fetch failed 403"
"195950461770",EN,ERROR,"JSON fetch failed 403"
"195950461961",EN,ERROR,"JSON fetch failed 403"
"195950462586",EN,ERROR,"JSON fetch failed 403"
"195950462777",EN,ERROR,"JSON fetch failed 403"
"195950463156",EN,ERROR,"JSON fetch failed 403"
"195950463347",EN,ERROR,"JSON fetch failed 403"
"195950463729",EN,ERROR,"JSON fetch failed 403"
"195950463910",EN,ERROR,"JSON fetch failed 403"
"195950464290",EN,ERROR,"JSON fetch failed 403"
"195950464481",EN,ERROR,"JSON fetch failed 403"
"195950481150",EN,ERROR,"JSON fetch failed 403"
"195950481495",EN,ERROR,"JSON fetch failed 403"
"195950481839",EN,ERROR,"JSON fetch failed 403"
"195950482171",EN,ERROR,"JSON fetch failed 403"
"195950482515",EN,ERROR,"JSON fetch failed 403"
"195950482850",EN,ERROR,"JSON fetch failed 403"
"195950483192",EN,ERROR,"JSON fetch failed 403"
"195950483536",EN,ERROR,"JSON fetch failed 403"
"195950483871",EN,ERROR,"JSON fetch failed 403"
"195950484212",EN,ERROR,"JSON fetch failed 403"
"195950484557",EN,ERROR,"JSON fetch failed 403"
"195950484892",EN,ERROR,"JSON fetch failed 403"
"195950485233",EN,ERROR,"JSON fetch failed 403"
"195950485578",EN,ERROR,"JSON fetch failed 403"
"195950485912",EN,ERROR,"JSON fetch failed 403"
"195950486254",EN,ERROR,"JSON fetch failed 403"
"195950486599",EN,ERROR,"JSON fetch failed 403"
"195950486933",EN,ERROR,"JSON fetch failed 403"